{
  "builder_name": "parquet",
  "citation": "@inproceedings{emotion_dataset_hurricanes,\n   author={Desai, Shrey and Caragea, Cornelia and Li, Junyi Jessy},\n   title={{Detecting Perceived Emotions in Hurricane Disasters}},\n   booktitle={Proceedings of the Association for Computational Linguistics (ACL)},\n   year={2020},\n}",
  "config_name": "default",
  "dataset_name": "Hurricanes8",
  "dataset_size": 1731305,
  "description": "The Hurricanes dataset, as processed by 'emotion_datasets'. The datasets include tweets for 3 different hurricanes: Harvey, Irma and Maria. Each tweet has MTurk annotations for the fine-grained Plutchik-24 emotion system.",
  "download_checksums": {
    "/tmp/tmp8dr76cv9/output.parquet": {
      "num_bytes": 1123215,
      "checksum": null
    }
  },
  "download_size": 1123215,
  "features": {
    "text": {
      "dtype": "string",
      "_type": "Value"
    },
    "aggressiveness": {
      "dtype": "bool",
      "_type": "Value"
    },
    "awe": {
      "dtype": "bool",
      "_type": "Value"
    },
    "contempt": {
      "dtype": "bool",
      "_type": "Value"
    },
    "disapproval": {
      "dtype": "bool",
      "_type": "Value"
    },
    "love": {
      "dtype": "bool",
      "_type": "Value"
    },
    "optimism": {
      "dtype": "bool",
      "_type": "Value"
    },
    "remorse": {
      "dtype": "bool",
      "_type": "Value"
    },
    "submission": {
      "dtype": "bool",
      "_type": "Value"
    }
  },
  "homepage": "https://github.com/shreydesai/hurricane/tree/master",
  "license": "",
  "size_in_bytes": 2854520,
  "splits": {
    "train": {
      "name": "train",
      "num_bytes": 1731305,
      "num_examples": 14281,
      "dataset_name": "parquet"
    }
  },
  "version": {
    "version_str": "0.0.0",
    "major": 0,
    "minor": 0,
    "patch": 0
  }
}