{
  "builder_name": "parquet",
  "citation": "@inproceedings{emotion_dataset_sentimental_liar,\n    title={Sentimental LIAR: Extended Corpus and Deep Learning Models for Fake Claim Classification},\n    author={Upadhayay, Bibek and Behzadan, Vahid},\n    booktitle={2020 IEEE International Conference on Intelligence and Security Informatics (ISI)},\n    pages={1--6},\n    year={2020},\n    organization={IEEE}\n}",
  "config_name": "default",
  "dataset_name": "SentimentalLIAR",
  "dataset_size": 3293018,
  "description": "The Sentimental LIAR dataset, as processed using 'emotion_datasets'. Sentimental LIAR is a modified and further extended version of the LIAR extension introduced by Kirilin et al. Sentiments are derived using the Google NLP API, whereas emotion scores were extracted using the IBM NLP API for each claim, which determine the detected level of 6 emotional states namely anger, sadness, disgust, fear and joy.",
  "download_checksums": {
    "/tmp/tmp7pvqul15/output.parquet": {
      "num_bytes": 1817179,
      "checksum": null
    }
  },
  "download_size": 1817179,
  "features": {
    "ID": {
      "dtype": "string",
      "_type": "Value"
    },
    "statement": {
      "dtype": "string",
      "_type": "Value"
    },
    "subject": {
      "dtype": "string",
      "_type": "Value"
    },
    "speaker": {
      "dtype": "string",
      "_type": "Value"
    },
    "context": {
      "dtype": "string",
      "_type": "Value"
    },
    "sentiment": {
      "dtype": "string",
      "_type": "Value"
    },
    "sentiment_score": {
      "dtype": "float64",
      "_type": "Value"
    },
    "anger": {
      "dtype": "float64",
      "_type": "Value"
    },
    "fear": {
      "dtype": "float64",
      "_type": "Value"
    },
    "joy": {
      "dtype": "float64",
      "_type": "Value"
    },
    "disgust": {
      "dtype": "float64",
      "_type": "Value"
    },
    "sad": {
      "dtype": "float64",
      "_type": "Value"
    }
  },
  "homepage": "https://github.com/UNHSAILLab/SentimentalLIAR",
  "license": "",
  "size_in_bytes": 5110197,
  "splits": {
    "train": {
      "name": "train",
      "num_bytes": 3293018,
      "num_examples": 12786,
      "dataset_name": "parquet"
    }
  },
  "version": {
    "version_str": "0.0.0",
    "major": 0,
    "minor": 0,
    "patch": 0
  }
}