{
  "builder_name": "parquet",
  "citation": "@article{emotion_dataset_emobank,\n   title={Emobank: Studying the impact of annotation perspective and representation format on dimensional emotion analysis},\n   author={Buechel, Sven and Hahn, Udo},\n   journal={arXiv preprint arXiv:2205.01996},\n   year={2022}\n}",
  "config_name": "default",
  "dataset_name": "EmoBank",
  "dataset_size": 1772773,
  "description": "The EmoBank dataset, as processed using 'emotion_datasets'. EmoBank is a large-scale text corpus manually annotated with emotion according to the psychological Valence-Arousal-Dominance scheme. It was build at JULIE Lab, Jena University and is described in detail in papers from EACL 2017 and LAW 2017.",
  "download_checksums": {
    "/tmp/tmpo90scpl9/output.parquet": {
      "num_bytes": 754685,
      "checksum": null
    }
  },
  "download_size": 754685,
  "features": {
    "id": {
      "dtype": "string",
      "_type": "Value"
    },
    "document": {
      "dtype": "string",
      "_type": "Value"
    },
    "category": {
      "dtype": "string",
      "_type": "Value"
    },
    "subcategory": {
      "dtype": "string",
      "_type": "Value"
    },
    "split": {
      "dtype": "string",
      "_type": "Value"
    },
    "V": {
      "dtype": "float32",
      "_type": "Value"
    },
    "A": {
      "dtype": "float32",
      "_type": "Value"
    },
    "D": {
      "dtype": "float32",
      "_type": "Value"
    },
    "text": {
      "dtype": "string",
      "_type": "Value"
    }
  },
  "homepage": "https://github.com/JULIELab/EmoBank/tree/master",
  "license": "CC-BY-SA 4.0",
  "size_in_bytes": 2527458,
  "splits": {
    "train": {
      "name": "train",
      "num_bytes": 1772773,
      "num_examples": 10062,
      "dataset_name": "parquet"
    }
  },
  "version": {
    "version_str": "0.0.0",
    "major": 0,
    "minor": 0,
    "patch": 0
  }
}