{
  "builder_name": "parquet",
  "citation": "@article{emotion_dataset_isear,\n    title={Evidence for universality and cultural variation of differential emotion response patterning.},\n    author={Scherer, Klaus R and Wallbott, Harald G},\n    journal={Journal of personality and social psychology},\n    volume={66},\n    number={2},\n    pages={310},\n    year={1994},\n    publisher={American Psychological Association}\n}",
  "config_name": "default",
  "dataset_name": "ISEAR",
  "dataset_size": 1055038,
  "description": "The International Survey On Emotion Antecedents And Reactions (ISEAR) dataset, as processed using 'emotion_datasets'. Over a period of many years during the 1990s, a large group of psychologists all over the world collected data in the ISEAR project. Student respondents, both psychologists and non-psychologists, were asked to report situations in which they had experienced all of 7 major emotions. The final data set thus contained reports on seven emotions each by close to 3000 respondents in 37 countries on all 5 continents.",
  "download_checksums": {
    "/tmp/tmppxaf3teg/output.parquet": {
      "num_bytes": 567290,
      "checksum": null
    }
  },
  "download_size": 567290,
  "features": {
    "id": {
      "dtype": "string",
      "_type": "Value"
    },
    "subject_id": {
      "dtype": "int64",
      "_type": "Value"
    },
    "text": {
      "dtype": "string",
      "_type": "Value"
    },
    "anger": {
      "dtype": "bool",
      "_type": "Value"
    },
    "disgust": {
      "dtype": "bool",
      "_type": "Value"
    },
    "fear": {
      "dtype": "bool",
      "_type": "Value"
    },
    "guilt": {
      "dtype": "bool",
      "_type": "Value"
    },
    "joy": {
      "dtype": "bool",
      "_type": "Value"
    },
    "sadness": {
      "dtype": "bool",
      "_type": "Value"
    },
    "shame": {
      "dtype": "bool",
      "_type": "Value"
    }
  },
  "homepage": "https://www.unige.ch/cisa/research/materials-and-online-research/research-material/",
  "license": "CC BY-NC-SA 3.0",
  "size_in_bytes": 1622328,
  "splits": {
    "train": {
      "name": "train",
      "num_bytes": 1055038,
      "num_examples": 7602,
      "dataset_name": "parquet"
    }
  },
  "version": {
    "version_str": "0.0.0",
    "major": 0,
    "minor": 0,
    "patch": 0
  }
}