{
  "builder_name": "parquet",
  "citation": "@inproceedings{emotion_dataset_fb_valence_arousal,\n    title={Modelling valence and arousal in facebook posts},\n    author={Preo{\\c{t}}iuc-Pietro, Daniel and Schwartz, H Andrew and Park, Gregory and Eichstaedt, Johannes and Kern, Margaret and Ungar, Lyle and Shulman, Elisabeth},\n    booktitle={Proceedings of the 7th Workshop on Computational Approaches to Subjectivity, Sentiment and Social Media Analysis},\n    pages={9--15},\n    year={2016}\n}",
  "config_name": "default",
  "dataset_name": "FBValenceArousal",
  "dataset_size": 288679,
  "description": "The Facebook Valence Arousal dataset, as processed using 'emotion_datasets'. A data set of 2895 Social Media posts rated by two psychologically-trained annotators on two separate ordinal (valence or sentiment, and arousal or intensity) nine-point scales.",
  "download_checksums": {
    "/tmp/tmpq7obhy3g/output.parquet": {
      "num_bytes": 200050,
      "checksum": null
    }
  },
  "download_size": 200050,
  "features": {
    "text": {
      "dtype": "string",
      "_type": "Value"
    },
    "valence": {
      "dtype": "float32",
      "_type": "Value"
    },
    "arousal": {
      "dtype": "float32",
      "_type": "Value"
    }
  },
  "homepage": "https://github.com/wwbp/additional_data_sets/tree/master/valence_arousal",
  "license": "GPLv3",
  "size_in_bytes": 488729,
  "splits": {
    "train": {
      "name": "train",
      "num_bytes": 288679,
      "num_examples": 2895,
      "dataset_name": "parquet"
    }
  },
  "version": {
    "version_str": "0.0.0",
    "major": 0,
    "minor": 0,
    "patch": 0
  }
}