{
  "citation": "@inproceedings{emotion_dataset_affective_text,\n   author = {Strapparava, Carlo and Mihalcea, Rada},\n   title = {SemEval-2007 task 14: affective text},\n   year = {2007},\n   publisher = {Association for Computational Linguistics},\n   address = {USA},\n   abstract = {The 'Affective Text' task focuses on the classification of emotions and valence (positive/negative polarity) in news headlines, and is meant as an exploration of the connection between emotions and lexical semantics. In this paper, we describe the data set used in the evaluation and the results obtained by the participating systems.},\n   booktitle = {Proceedings of the 4th International Workshop on Semantic Evaluations},\n   pages = {70\u201374},\n   numpages = {5},\n   location = {Prague, Czech Republic},\n   series = {SemEval '07}\n}",
  "dataset_name": "AffectiveText",
  "description": "The SeMEval-2007 Task 14: Affective Text dataset, as processed by 'emotion_datasets'. Affective Text is a data set consisting of 1000 test headlines and 200 development headlines, each of them annotated with the six Eckman emotions and the polarity orientation.",
  "features": {
    "id": {
      "dtype": "int64",
      "_type": "Value"
    },
    "text": {
      "dtype": "string",
      "_type": "Value"
    },
    "anger": {
      "dtype": "float64",
      "_type": "Value"
    },
    "disgust": {
      "dtype": "float64",
      "_type": "Value"
    },
    "fear": {
      "dtype": "float64",
      "_type": "Value"
    },
    "joy": {
      "dtype": "float64",
      "_type": "Value"
    },
    "sadness": {
      "dtype": "float64",
      "_type": "Value"
    },
    "surprise": {
      "dtype": "float64",
      "_type": "Value"
    },
    "valence": {
      "dtype": "float64",
      "_type": "Value"
    }
  },
  "homepage": "https://web.eecs.umich.edu/~mihalcea/downloads.html#affective",
  "license": ""
}